{
  "TMFT": {
    "scores": {
      "Car4": 0.7838096078983533,
      "Car24": 0.8658822301107225,
      "Deer": 0.7148335618906533,
      "FleetFace": 0.667657200072288,
      "Jump": 0.29952267101004576
    },
    "tags": []
  }
}